insert into hacknc.public.user (id, username, password, avatar_url) values (1, 'tpaddeley0', 'wY5>Qbx~', 'http://dummyimage.com/156x100.png/dddddd/000000');
insert into hacknc.public.user (id, username, password, avatar_url) values (2, 'tkringe1', 'wQ8)A65!Jk@pjTML', 'http://dummyimage.com/177x100.png/5fa2dd/ffffff');
insert into hacknc.public.user (id, username, password, avatar_url) values (3, 'ablondell2', 'lN2#~hnP', 'http://dummyimage.com/211x100.png/5fa2dd/ffffff');
insert into hacknc.public.user (id, username, password, avatar_url) values (4, 'kratlee3', 'yZ9/C0<ijAFjgK~', 'http://dummyimage.com/134x100.png/5fa2dd/ffffff');
insert into hacknc.public.user (id, username, password, avatar_url) values (5, 'gsteinhammer4', 'dM2$A@V4GLq~/', 'http://dummyimage.com/230x100.png/5fa2dd/ffffff');
insert into hacknc.public.user (id, username, password, avatar_url) values (6, 'lfeaver5', 'aS4#pZy,Kc7sSaw', 'http://dummyimage.com/250x100.png/cc0000/ffffff');
insert into hacknc.public.user (id, username, password, avatar_url) values (7, 'asteinor6', 'qO2+%&!H', 'http://dummyimage.com/209x100.png/cc0000/ffffff');
insert into hacknc.public.user (id, username, password, avatar_url) values (8, 'fbriffett7', 'bW2=xl$.G6', 'http://dummyimage.com/218x100.png/dddddd/000000');
insert into hacknc.public.user (id, username, password, avatar_url) values (9, 'tserver8', 'nH4''pJgz', 'http://dummyimage.com/106x100.png/ff4444/ffffff');
insert into hacknc.public.user (id, username, password, avatar_url) values (10, 'cambrosi9', 'nI1}y7ik9\T.Gce', 'http://dummyimage.com/127x100.png/dddddd/000000');

INSERT INTO hacknc.public.event (id, image_url, title, description, is_global, date, latitude, longitude, country) VALUES
(1, 'https://static.vecteezy.com/system/resources/thumbnails/030/353/225/small_2x/beautiful-night-sky-background-ai-generated-photo.jpg', 'Meteor Shower Watch', 'Join us for a spectacular view of the meteor shower.', true, '2024-08-12 22:00:00', 34.0522, -118.2437, 'USA'),
(2, 'https://www.hindustantimes.com/ht-img/img/2024/10/02/1600x900/Solar_Eclipse_1725437756581_1727852718061.webp', 'Solar Eclipse Viewing', 'Experience the wonder of a solar eclipse with fellow enthusiasts.', true, '2024-04-08 15:30:00', 36.7783, -119.4179, 'USA'),
(3, 'https://images.unsplash.com/photo-1490814525860-594e82bfd34a?fm=jpg&q=60&w=3000&ixlib=rb-4.0.3&ixid=M3wxMjA3fDB8MHxleHBsb3JlLWZlZWR8N3x8fGVufDB8fHx8fA%3D%3D', 'Lunar Observation Night', 'A night dedicated to observing the moon and its craters.', false, '2024-05-15 20:00:00', 40.7128, -74.0060, 'USA'),
(4, 'https://images.unsplash.com/photo-1641895958846-19dab3471449?fm=jpg&q=60&w=3000&ixlib=rb-4.0.3&ixid=M3wxMjA3fDB8MHxzZWFyY2h8MTF8fHN0YXJyeSUyMG5pZ2h0JTIwc2t5fGVufDB8fDB8fHww', 'Star Gazing Camp', 'Join us for a weekend of camping under the stars.', true, '2024-06-20 18:00:00', 37.7749, -122.4194, 'USA'),
(5, 'https://upload.wikimedia.org/wikipedia/commons/thumb/0/00/%D0%A1%D0%B2%D0%B5%D1%82_%D0%BE%D1%82_%D0%B4%D0%B5%D1%80%D0%B5%D0%B2%D0%BD%D0%B8_-_panoramio.jpg/1200px-%D0%A1%D0%B2%D0%B5%D1%82_%D0%BE%D1%82_%D0%B4%D0%B5%D1%80%D0%B5%D0%B2%D0%BD%D0%B8_-_panoramio.jpg', 'Comet Sightings', 'A meet-up for spotting the latest comet.', false, '2024-07-10 23:00:00', 41.8781, -87.6298, 'USA'),
(6, 'https://resources.perimeterinstitute.ca/cdn/shop/collections/PIStore_Topic_HeaderImages_Topic-Astronomy.jpg?v=1458607977&width=2048', 'Astronomy Workshop', 'Learn about telescopes and stargazing techniques.', true, '2024-09-05 14:00:00', 34.0522, -118.2437, 'USA'),
(7, 'https://cdn.mos.cms.futurecdn.net/8K726hHhYxYx4vc7LKqjyV-1200-80.jpg', 'Planetary Alignment', 'Observe the rare alignment of planets in the night sky.', true, '2024-10-15 19:00:00', 39.7392, -104.9903, 'USA'),
(8, 'https://discoveryplace.org/wp-content/uploads/2023/06/Astrophotography-hero-scaled.jpeg', 'Astrophotography Contest', 'Showcase your best astrophotography and win prizes.', false, '2024-11-01 00:00:00', 38.9072, -77.0369, 'USA'),
(9, 'https://www.rmg.co.uk/sites/default/files/styles/full_width_1440/public/2020-11/G-28529-27_Winner%20and%20Overall%20Winner_Andromeda%20Galaxy%20at%20Arm_s%20Length%20%C2%A9%20Nicolas%20Lefaudeux.jpg?itok=8xr43P56', 'Galactic Exploration', 'Explore the mysteries of the galaxy with experts.', false, '2024-01-20 17:00:00', 34.0522, -118.2437, 'USA');

INSERT INTO post (id, event_id, user_id, photo_url, text, timestamp) VALUES
(1, 1, 1, 'https://images-ext-1.discordapp.net/external/uubuYtEva2bgV1nj-sovv45Q44BlQSkbooSawLeifO4/%3Fauto%3Dcompress%26cs%3Dtinysrgb%26w%3D1260%26h%3D750%26dpr%3D2/https/images.pexels.com/photos/956981/milky-way-starry-sky-night-sky-star-956981.jpeg?format=webp&width=1936&height=1088', 'What a stunning meteor shower we witnessed last night!', '2024-08-13 09:00:00'),
(2, 2, 2, 'https://images-ext-1.discordapp.net/external/M8XdgOjyTyg4n-DtAD7kK6OOyFyKj_Rqr2fmcg5RvV0/https/c.stocksy.com/a/m6pN00/z9/5678008.jpg?format=webp&width=1854&height=1236', 'The solar eclipse was breathtaking; can’t wait for the next one!', '2024-04-09 10:30:00'),
(3, 3, 3, 'https://images-ext-1.discordapp.net/external/nIZwOXTgd9Du7yDmLNEyCP0SYtOCutmftrHYiCUpToo/https/www.travelandleisure.com/thmb/Jmcth-BwkB9_n9BoZl2S3hOonrw%3D/1500x0/filters%3Ano_upscale%28%29%3Amax_bytes%28150000%29%3Astrip_icc%28%29/TAL-meteor-shower-NOVSKY1024-928820a444b14e8db06efc20b966620f.jpg?format=webp&width=1858&height=1236', 'The lunar craters were crystal clear during our observation.', '2024-05-16 21:00:00'),
(4, 4, 1, 'https://images-ext-1.discordapp.net/external/eKRdjCSGN4cZhIK4vt-Zay18pEl6UgI9JHwLoORfopw/%3Fauto%3Dcompress%26cs%3Dtinysrgb%26w%3D800/https/images.pexels.com/photos/2150/sky-space-dark-galaxy.jpg?format=webp&width=1600&height=1148', 'Camping under the stars was an unforgettable experience.', '2024-06-21 22:30:00'),
(5, 5, 2, 'https://media.discordapp.net/attachments/568814132405600279/1302452758674145290/solar-system-emergence-spitzer-telescope-telescope-41951.png?ex=67282b28&is=6726d9a8&hm=fc0223874e059eb6f9e432904a818c3e97e916545de5ca44706414d816a89c65&=&format=webp&quality=lossless&width=1100&height=688', 'Caught a glimpse of the comet; it was magical.', '2024-07-11 00:00:00'),
(6, 6, 3, 'https://images-ext-1.discordapp.net/external/fNW3gc0P1zgIhnKyjG7s3CgaQWnqouD8f6K9IIFmmo8/%3Fauto%3Dcompress%26cs%3Dtinysrgb%26w%3D800/https/images.pexels.com/photos/924824/pexels-photo-924824.jpeg?format=webp&width=1600&height=1066', 'Learning about astrophotography was a game changer for me.', '2024-09-06 15:00:00'),
(7, 7, 1, 'https://images-ext-1.discordapp.net/external/ujn8uM5c8bLa0co3WQrtKootztHOrry70nh9fRdcki8/%3Fauto%3Dcompress%26cs%3Dtinysrgb%26w%3D800/https/images.pexels.com/photos/1142950/pexels-photo-1142950.jpeg?format=webp&width=1600&height=1068', 'The planetary alignment was a sight to behold!', '2024-10-16 20:00:00'),
(8, 8, 2, 'https://images-ext-1.discordapp.net/external/Y4otNBGnlkW6EPtd2DiSg4DcfF9_zQoAAPPehFNWiDI/%3Fauto%3Dcompress%26cs%3Dtinysrgb%26w%3D800/https/images.pexels.com/photos/517884/pexels-photo-517884.jpeg?format=webp&width=1600&height=1066', 'Excited to share my astrophotography from the contest!', '2024-11-02 10:00:00'),
(9, 9, 3, 'https://c.stocksy.com/a/m6pN00/z9/5678008.jpg', 'The lecture series was enlightening and inspiring.', '2024-12-06 19:30:00'),
(10, 10, 1, 'https://images-ext-1.discordapp.net/external/hFc4eQOSJO47_lzSBy8I5W1l8qJzJgJ1dldpp2Lrrrk/%3F_a%3DDAJAUVWIZAAA/https/res.cloudinary.com/graham-media-group/image/upload/f_auto/q_auto/c_scale%2Cw_640/v1/media/gmg/GR5IUEKEORDMVGN2HYOUCYWPQ4?format=webp&width=1280&height=854', 'Exploring the galaxy’s mysteries was truly fascinating.', '2024-01-21 18:00:00');


INSERT INTO chat (id, user_id, event_id, text, timestamp) VALUES
(1, 1, 1, 'Can anyone see the meteor shower from here?', '2024-08-12 21:00:00'),
(2, 2, 1, 'It’s amazing! The sky is so clear tonight.', '2024-08-12 21:05:00'),
(3, 3, 2, 'I’m so excited for the solar eclipse tomorrow!', '2024-04-07 10:00:00'),
(4, 1, 3, 'Who’s bringing the telescope for the lunar observation?', '2024-05-14 19:00:00'),
(5, 2, 4, 'This camping trip is going to be epic!', '2024-06-19 16:30:00'),
(6, 3, 5, 'Did anyone catch a glimpse of the comet last night?', '2024-07-10 23:15:00'),
(7, 1, 6, 'The workshop on astrophotography was very helpful.', '2024-09-05 14:45:00'),
(8, 2, 7, 'I can’t believe the planets are aligning tonight.', '2024-10-14 20:15:00'),
(9, 3, 8, 'Excited to share my photos for the contest!', '2024-11-01 09:00:00'),
(10, 1, 9, 'The lectures have been really insightful.', '2024-12-04 19:00:00'),
(11, 2, 10, 'I’m curious about the galaxy exploration event.', '2024-01-19 17:00:00'),
(12, 3, 1, 'Is there a good spot to watch the meteor shower?', '2024-08-12 21:10:00'),
(13, 1, 2, 'Let’s make sure we have enough snacks for the eclipse!', '2024-04-07 10:05:00'),
(14, 2, 3, 'I heard the moon will look beautiful tonight.', '2024-05-14 19:05:00'),
(15, 3, 4, 'Can’t wait for our campfire under the stars.', '2024-06-19 17:00:00'),
(16, 1, 5, 'Who’s capturing photos of the comet?', '2024-07-10 23:20:00'),
(17, 2, 6, 'Astrophotography is a fascinating field.', '2024-09-05 15:00:00'),
(18, 3, 7, 'I’ve got my telescope ready for the alignment.', '2024-10-14 20:30:00'),
(19, 1, 8, 'Good luck to everyone in the contest!', '2024-11-01 09:10:00'),
(20, 2, 9, 'I’m learning so much from these lectures.', '2024-12-04 19:15:00'),
(21, 3, 10, 'I hope the weather is clear for the galaxy event.', '2024-01-19 17:10:00'),
(22, 1, 1, 'Has anyone seen the first shooting star?', '2024-08-12 21:15:00'),
(23, 2, 2, 'This solar eclipse is going to be one for the books.', '2024-04-07 10:10:00'),
(24, 3, 3, 'What time are we meeting for the lunar observation?', '2024-05-14 19:15:00'),
(25, 1, 4, 'I’m bringing my camera for the camping trip.', '2024-06-19 18:00:00'),
(26, 2, 5, 'I love how bright the comet looks tonight.', '2024-07-10 23:25:00'),
(27, 3, 6, 'Can’t wait to share our astrophotography tips.', '2024-09-05 15:05:00'),
(28, 1, 7, 'I hope to get some great shots of the planets.', '2024-10-14 20:45:00'),
(29, 2, 8, 'Let’s see who has the best photo in the contest.', '2024-11-01 09:20:00'),
(30, 3, 9, 'These astronomy lectures are incredibly engaging.', '2024-12-04 19:30:00'),
(31, 1, 10, 'I’ve got my notes ready for the galaxy exploration.', '2024-01-19 17:15:00'),
(32, 2, 1, 'I think I saw three meteors in a row!', '2024-08-12 21:20:00'),
(33, 3, 2, 'The solar eclipse is getting closer!', '2024-04-07 10:15:00'),
(34, 1, 3, 'Looking forward to seeing everyone at the observation.', '2024-05-14 19:20:00'),
(35, 2, 4, 'This is the perfect spot for stargazing.', '2024-06-19 18:15:00'),
(36, 3, 5, 'I’ve got my telescope set up for the comet.', '2024-07-10 23:30:00'),
(37, 1, 6, 'I can’t wait for the astrophotography session.', '2024-09-05 15:10:00'),
(38, 2, 7, 'The planetary alignment is rare; don’t miss it.', '2024-10-14 21:00:00'),
(39, 3, 8, 'I’m excited to see all the submissions for the contest.', '2024-11-01 09:30:00'),
(40, 1, 9, 'These lectures have expanded my understanding of the cosmos.', '2024-12-04 19:45:00'),
(41, 2, 10, 'Let’s share our favorite galaxy images after the event.', '2024-01-19 17:20:00'),
(42, 3, 1, 'The meteor shower is peaking; keep watching!', '2024-08-12 21:25:00'),
(43, 1, 2, 'Who has a solar filter for the eclipse?', '2024-04-07 10:20:00'),
(44, 2, 3, 'I’ve got my sketchbook ready for the lunar night.', '2024-05-14 19:25:00'),
(45, 3, 4, 'This camping trip is a great way to meet new people.', '2024-06-19 18:30:00'),
(46, 1, 5, 'What time is the comet supposed to be visible?', '2024-07-10 23:35:00'),
(47, 2, 6, 'Astrophotography is all about patience and practice.', '2024-09-05 15:15:00'),
(48, 3, 7, 'I can’t believe how many planets we can see!', '2024-10-14 21:15:00'),
(49, 1, 8, 'I’m looking forward to sharing my photos.', '2024-11-01 09:40:00'),
(50, 2, 9, 'These lectures have sparked my interest in astronomy.', '2024-12-04 20:00:00'),
(51, 3, 10, 'Let’s brainstorm ideas for the galaxy event.', '2024-01-19 17:25:00'),
(52, 1, 1, 'The meteor shower is mesmerizing tonight.', '2024-08-12 21:30:00'),
(53, 2, 2, 'Is anyone planning to livestream the eclipse?', '2024-04-07 10:25:00'),
(54, 3, 3, 'Can’t wait for the lunar event; it’s going to be special.', '2024-05-14 19:30:00'),
(55, 1, 4, 'I’m bringing marshmallows for the campfire.', '2024-06-19 18:45:00'),
(56, 2, 5, 'Did you see the tail on that comet?', '2024-07-10 23:40:00'),
(57, 3, 6, 'The astrophotography techniques I learned are great.', '2024-09-05 15:20:00'),
(58, 1, 7, 'This planetary alignment is historical.', '2024-10-14 21:30:00'),
(59, 2, 8, 'Wishing everyone luck in the astrophotography contest.', '2024-11-01 09:50:00'),
(60, 3, 9, 'These lectures have deepened my passion for the stars.', '2024-12-04 20:15:00'),
(61, 1, 10, 'I’m really looking forward to the galaxy discussion.', '2024-01-19 17:30:00'),
(62, 2, 1, 'The meteor shower just started; it’s breathtaking.', '2024-08-12 21:35:00'),
(63, 3, 2, 'I hope everyone has their glasses ready for the eclipse.', '2024-04-07 10:30:00'),
(64, 1, 3, 'The moon is looking spectacular tonight.', '2024-05-14 19:35:00'),
(65, 2, 4, 'Stargazing at the campsite is so peaceful.', '2024-06-19 19:00:00'),
(66, 3, 5, 'I’m sharing my comet pictures in the chat!', '2024-07-10 23:45:00'),
(67, 1, 6, 'Excited to learn more about capturing the night sky.', '2024-09-05 15:25:00'),
(68, 2, 7, 'Has anyone done astrophotography during the alignment?', '2024-10-14 21:45:00'),
(69, 3, 8, 'I hope to see some great entries for the contest.', '2024-11-01 09:55:00'),
(70, 1, 9, 'These astronomy lectures have changed my perspective.', '2024-12-04 20:30:00'),
(71, 2, 10, 'Can’t wait for the galaxy exploration event!', '2024-01-19 17:35:00'),
(72, 3, 1, 'I think I spotted a meteor; it was so fast!', '2024-08-12 21:40:00'),
(73, 1, 2, 'Who’s taking pictures of the solar eclipse?', '2024-04-07 10:35:00'),
(74, 2, 3, 'The lunar craters are incredible through my telescope.', '2024-05-14 19:40:00'),
(75, 3, 4, 'The campsite has the perfect view of the stars.', '2024-06-19 19:15:00'),
(76, 1, 5, 'Tonight’s comet is a once-in-a-lifetime event.', '2024-07-10 23:50:00'),
(77, 2, 6, 'I love sharing tips on astrophotography with everyone.', '2024-09-05 15:30:00'),
(78, 3, 7, 'This planetary alignment is a rare sight indeed.', '2024-10-14 21:50:00'),
(79, 1, 8, 'The contest submissions are looking amazing.', '2024-11-01 10:00:00'),
(80, 2, 9, 'I’ve learned so much from these lectures.', '2024-12-04 20:45:00'),
(81, 3, 10, 'Looking forward to sharing ideas at the galaxy event.', '2024-01-19 17:40:00'),
(82, 1, 1, 'The meteor shower is really picking up now.', '2024-08-12 21:45:00'),
(83, 2, 2, 'I’ve got my solar glasses ready for the eclipse.', '2024-04-07 10:40:00'),
(84, 3, 3, 'Can’t wait to see the moon rise later.', '2024-05-14 19:45:00'),
(85, 1, 4, 'I’m excited about the campfire stories tonight.', '2024-06-19 19:30:00'),
(86, 2, 5, 'The comet is so bright; I can’t believe it!', '2024-07-10 23:55:00'),
(87, 3, 6, 'Astrophotography is becoming my new favorite hobby.', '2024-09-05 15:35:00'),
(88, 1, 7, 'This alignment has some great photo opportunities.', '2024-10-14 22:00:00'),
(89, 2, 8, 'I hope everyone submits their best photos for the contest.', '2024-11-01 10:05:00'),
(90, 3, 9, 'These lectures are opening my eyes to new concepts.', '2024-12-04 21:00:00'),
(91, 1, 10, 'I’m ready to dive into the galaxy exploration discussion.', '2024-01-19 17:45:00'),
(92, 2, 1, 'Wow, I just saw a huge meteor!', '2024-08-12 21:50:00'),
(93, 3, 2, 'I hope the eclipse is as good as they say.', '2024-04-07 10:45:00'),
(94, 1, 3, 'Lunar observations are my favorite events.', '2024-05-14 19:50:00'),
(95, 2, 4, 'Camping under the stars is magical.', '2024-06-19 19:45:00'),
(96, 3, 5, 'I can’t wait to capture the comet in action.', '2024-07-10 23:00:00'),
(97, 1, 6, 'Astrophotography techniques are fascinating.', '2024-09-05 15:40:00'),
(98, 2, 7, 'Let’s all enjoy the planetary alignment together!', '2024-10-14 22:15:00'),
(99, 3, 8, 'The contest is going to be so much fun.', '2024-11-01 10:10:00'),
(100, 1, 9, 'These lectures are a highlight of my month.', '2024-12-04 21:15:00');


delete from hacknc.public.event;

select * from hacknc.public.user;
select * from hacknc.public.event;

